{
    "widgetBindings": [
        {
            "widgetId": "ti_widget_compass",
            "serverBindName": "widget.ti_model_program.grados",
            "propertyName": "value"
        },
        {
            "widgetId": "ti_widget_scalargraph",
            "serverBindName": "widget.ti_model_program.AX",
            "propertyName": "value_0"
        },
        {
            "widgetId": "ti_widget_scalargraph",
            "serverBindName": "widget.ti_model_program.AY",
            "propertyName": "value_1"
        },
        {
            "widgetId": "ti_widget_scalargraph",
            "serverBindName": "widget.ti_model_program.AZ",
            "propertyName": "value_2"
        },
        {
            "widgetId": "ti_widget_toggle_button",
            "serverBindName": "widget.ti_model_program.enciende1",
            "propertyName": "checked"
        },
        {
            "widgetId": "ti_widget_toggle_button1",
            "serverBindName": "widget.ti_model_program.enciende2",
            "propertyName": "checked"
        },
        {
            "widgetId": "ti_widget_toggle_button2",
            "serverBindName": "widget.ti_model_program.enciende3",
            "propertyName": "checked"
        },
        {
            "widgetId": "ti_widget_toggle_button3",
            "serverBindName": "widget.ti_model_program.enciende4",
            "propertyName": "checked"
        }
    ]
}