{
    "widgetBindings": [
        {
            "widgetId": "ti_widget_thermometer",
            "serverBindName": "widget.ti_model_program.T_act",
            "propertyName": "value"
        },
        {
            "widgetId": "ti_widget_analoggauge",
            "serverBindName": "widget.ti_model_program.P_act",
            "propertyName": "value"
        },
        {
            "widgetId": "ti_widget_gauge",
            "serverBindName": "widget.ti_model_program.H_act",
            "propertyName": "value"
        },
        {
            "widgetId": "ti_widget_scalargraph",
            "serverBindName": "widget.ti_model_program.lux",
            "propertyName": "value_0"
        }
    ]
}